30701007043	Inspect Terminal Wedge Runs	push	in_progress		6fda3de9141722ba99ef14292f9f78917f778445	2026-08-01T13:05:18Z	2026-08-01T13:05:22Z	https://github.com/Lasigebo-T/analyze-stocks-chan-wyckoff/actions/runs/30701007043
30700982622	Terminal Wedge Full-Market Scan	push	in_progress		4b93445189c588d4ac2b29724557d765f9410315	2026-08-01T13:04:37Z	2026-08-01T13:04:40Z	https://github.com/Lasigebo-T/analyze-stocks-chan-wyckoff/actions/runs/30700982622
30700951599	Inspect Terminal Wedge Runs	push	completed	success	5df7c38669323b8c23f48931003f9651c6ac134f	2026-08-01T13:03:39Z	2026-08-01T13:03:48Z	https://github.com/Lasigebo-T/analyze-stocks-chan-wyckoff/actions/runs/30700951599
30700926005	Terminal Wedge Full-Market Scan	push	completed	failure	66f0ed51aed161a5ad711985bbc92c42768d21c3	2026-08-01T13:02:55Z	2026-08-01T13:03:07Z	https://github.com/Lasigebo-T/analyze-stocks-chan-wyckoff/actions/runs/30700926005
30700913674	Terminal Wedge Full-Market Scan	push	completed	failure	bc749784bf1ec4008866e6a78d8707ff2ddea0d9	2026-08-01T13:02:31Z	2026-08-01T13:02:42Z	https://github.com/Lasigebo-T/analyze-stocks-chan-wyckoff/actions/runs/30700913674
30700839365	Inspect Terminal Wedge Runs	push	completed	success	d1fff01bead573e9c8285c48b0314139a28aebde	2026-08-01T13:00:24Z	2026-08-01T13:00:34Z	https://github.com/Lasigebo-T/analyze-stocks-chan-wyckoff/actions/runs/30700839365
30700481026	Run Robust Terminal Wedge Scan	push	completed	failure	60b04eb7db40c1d5851774e0f847ea14ab71902b	2026-08-01T12:49:36Z	2026-08-01T12:50:33Z	https://github.com/Lasigebo-T/analyze-stocks-chan-wyckoff/actions/runs/30700481026
30700447811	Terminal Wedge Full-Market Scan	push	completed	failure	de85c24f8d6a87ef24296d25d7f9353f5ec9edfd	2026-08-01T12:48:33Z	2026-08-01T12:48:46Z	https://github.com/Lasigebo-T/analyze-stocks-chan-wyckoff/actions/runs/30700447811
30700325062	Probe Official SSE Symbol List	push	completed	success	e47a426f39785fc2df346c0e4ef25c12692c3c51	2026-08-01T12:45:01Z	2026-08-01T12:45:19Z	https://github.com/Lasigebo-T/analyze-stocks-chan-wyckoff/actions/runs/30700325062
30700198473	Diagnose A-Share Market Data	push	completed	success	886208ccab0430dc32c7b93aa6e7dab69da25e2f	2026-08-01T12:41:06Z	2026-08-01T12:42:59Z	https://github.com/Lasigebo-T/analyze-stocks-chan-wyckoff/actions/runs/30700198473
30700098802	Diagnose A-Share Universe Sources	push	completed	success	9ead34317ea29fcf2a4e27a9180b4c202127410b	2026-08-01T12:38:10Z	2026-08-01T12:39:32Z	https://github.com/Lasigebo-T/analyze-stocks-chan-wyckoff/actions/runs/30700098802
30699943842	Run Terminal Wedge Scan Once	push	completed	success	d395902f83dd25b31c55cb283919a2cc6d9b65c2	2026-08-01T12:33:45Z	2026-08-01T12:34:20Z	https://github.com/Lasigebo-T/analyze-stocks-chan-wyckoff/actions/runs/30699943842
30699823786	Terminal Wedge Full-Market Scan	push	completed	failure	718fd84707baf573d5525d43faeedff587d7d297	2026-08-01T12:30:20Z	2026-08-01T12:30:28Z	https://github.com/Lasigebo-T/analyze-stocks-chan-wyckoff/actions/runs/30699823786
